"","country","state_province","city"
"1","UnitedStates","NewYork","Chicago"
"2","UnitedStates","NewYork","NewYork"
"3","UnitedStates","NewYork","Milan"
"4","UnitedStates","NewYork","Paris"
"5","UnitedStates","NewYork","London"
"6","UnitedStates","NewYork","Geneva"
"7","UnitedStates","NewYork","Seattle"
"8","UnitedStates","NewYork","SanFrancisco"
"9","UnitedStates","NewYork","Sofia"
"10","UnitedStates","NewYork","Moscow"
"11","UnitedStates","NewJersey","Chicago"
"12","UnitedStates","NewJersey","NewYork"
"13","UnitedStates","NewJersey","Milan"
"14","UnitedStates","NewJersey","Paris"
"15","UnitedStates","NewJersey","London"
"16","UnitedStates","NewJersey","Geneva"
"17","UnitedStates","NewJersey","Seattle"
"18","UnitedStates","NewJersey","SanFrancisco"
"19","UnitedStates","NewJersey","Sofia"
"20","UnitedStates","NewJersey","Moscow"
"21","UnitedStates","YorkShire","Chicago"
"22","UnitedStates","YorkShire","NewYork"
"23","UnitedStates","YorkShire","Milan"
"24","UnitedStates","YorkShire","Paris"
"25","UnitedStates","YorkShire","London"
"26","UnitedStates","YorkShire","Geneva"
"27","UnitedStates","YorkShire","Seattle"
"28","UnitedStates","YorkShire","SanFrancisco"
"29","UnitedStates","YorkShire","Sofia"
"30","UnitedStates","YorkShire","Moscow"
"31","UnitedStates","Chanteau","Chicago"
"32","UnitedStates","Chanteau","NewYork"
"33","UnitedStates","Chanteau","Milan"
"34","UnitedStates","Chanteau","Paris"
"35","UnitedStates","Chanteau","London"
"36","UnitedStates","Chanteau","Geneva"
"37","UnitedStates","Chanteau","Seattle"
"38","UnitedStates","Chanteau","SanFrancisco"
"39","UnitedStates","Chanteau","Sofia"
"40","UnitedStates","Chanteau","Moscow"
"41","UnitedStates","Champaigne","Chicago"
"42","UnitedStates","Champaigne","NewYork"
"43","UnitedStates","Champaigne","Milan"
"44","UnitedStates","Champaigne","Paris"
"45","UnitedStates","Champaigne","London"
"46","UnitedStates","Champaigne","Geneva"
"47","UnitedStates","Champaigne","Seattle"
"48","UnitedStates","Champaigne","SanFrancisco"
"49","UnitedStates","Champaigne","Sofia"
"50","UnitedStates","Champaigne","Moscow"
"51","UnitedStates","Bordaeux","Chicago"
"52","UnitedStates","Bordaeux","NewYork"
"53","UnitedStates","Bordaeux","Milan"
"54","UnitedStates","Bordaeux","Paris"
"55","UnitedStates","Bordaeux","London"
"56","UnitedStates","Bordaeux","Geneva"
"57","UnitedStates","Bordaeux","Seattle"
"58","UnitedStates","Bordaeux","SanFrancisco"
"59","UnitedStates","Bordaeux","Sofia"
"60","UnitedStates","Bordaeux","Moscow"
"61","UnitedStates","Minnesota","Chicago"
"62","UnitedStates","Minnesota","NewYork"
"63","UnitedStates","Minnesota","Milan"
"64","UnitedStates","Minnesota","Paris"
"65","UnitedStates","Minnesota","London"
"66","UnitedStates","Minnesota","Geneva"
"67","UnitedStates","Minnesota","Seattle"
"68","UnitedStates","Minnesota","SanFrancisco"
"69","UnitedStates","Minnesota","Sofia"
"70","UnitedStates","Minnesota","Moscow"
"71","UnitedStates","Illinois","Chicago"
"72","UnitedStates","Illinois","NewYork"
"73","UnitedStates","Illinois","Milan"
"74","UnitedStates","Illinois","Paris"
"75","UnitedStates","Illinois","London"
"76","UnitedStates","Illinois","Geneva"
"77","UnitedStates","Illinois","Seattle"
"78","UnitedStates","Illinois","SanFrancisco"
"79","UnitedStates","Illinois","Sofia"
"80","UnitedStates","Illinois","Moscow"
"81","UnitedStates","Ohio","Chicago"
"82","UnitedStates","Ohio","NewYork"
"83","UnitedStates","Ohio","Milan"
"84","UnitedStates","Ohio","Paris"
"85","UnitedStates","Ohio","London"
"86","UnitedStates","Ohio","Geneva"
"87","UnitedStates","Ohio","Seattle"
"88","UnitedStates","Ohio","SanFrancisco"
"89","UnitedStates","Ohio","Sofia"
"90","UnitedStates","Ohio","Moscow"
"91","UnitedStates","Washington","Chicago"
"92","UnitedStates","Washington","NewYork"
"93","UnitedStates","Washington","Milan"
"94","UnitedStates","Washington","Paris"
"95","UnitedStates","Washington","London"
"96","UnitedStates","Washington","Geneva"
"97","UnitedStates","Washington","Seattle"
"98","UnitedStates","Washington","SanFrancisco"
"99","UnitedStates","Washington","Sofia"
"100","UnitedStates","Washington","Moscow"
"101","Spain","NewYork","Chicago"
"102","Spain","NewYork","NewYork"
"103","Spain","NewYork","Milan"
"104","Spain","NewYork","Paris"
"105","Spain","NewYork","London"
"106","Spain","NewYork","Geneva"
"107","Spain","NewYork","Seattle"
"108","Spain","NewYork","SanFrancisco"
"109","Spain","NewYork","Sofia"
"110","Spain","NewYork","Moscow"
"111","Spain","NewJersey","Chicago"
"112","Spain","NewJersey","NewYork"
"113","Spain","NewJersey","Milan"
"114","Spain","NewJersey","Paris"
"115","Spain","NewJersey","London"
"116","Spain","NewJersey","Geneva"
"117","Spain","NewJersey","Seattle"
"118","Spain","NewJersey","SanFrancisco"
"119","Spain","NewJersey","Sofia"
"120","Spain","NewJersey","Moscow"
"121","Spain","YorkShire","Chicago"
"122","Spain","YorkShire","NewYork"
"123","Spain","YorkShire","Milan"
"124","Spain","YorkShire","Paris"
"125","Spain","YorkShire","London"
"126","Spain","YorkShire","Geneva"
"127","Spain","YorkShire","Seattle"
"128","Spain","YorkShire","SanFrancisco"
"129","Spain","YorkShire","Sofia"
"130","Spain","YorkShire","Moscow"
"131","Spain","Chanteau","Chicago"
"132","Spain","Chanteau","NewYork"
"133","Spain","Chanteau","Milan"
"134","Spain","Chanteau","Paris"
"135","Spain","Chanteau","London"
"136","Spain","Chanteau","Geneva"
"137","Spain","Chanteau","Seattle"
"138","Spain","Chanteau","SanFrancisco"
"139","Spain","Chanteau","Sofia"
"140","Spain","Chanteau","Moscow"
"141","Spain","Champaigne","Chicago"
"142","Spain","Champaigne","NewYork"
"143","Spain","Champaigne","Milan"
"144","Spain","Champaigne","Paris"
"145","Spain","Champaigne","London"
"146","Spain","Champaigne","Geneva"
"147","Spain","Champaigne","Seattle"
"148","Spain","Champaigne","SanFrancisco"
"149","Spain","Champaigne","Sofia"
"150","Spain","Champaigne","Moscow"
"151","Spain","Bordaeux","Chicago"
"152","Spain","Bordaeux","NewYork"
"153","Spain","Bordaeux","Milan"
"154","Spain","Bordaeux","Paris"
"155","Spain","Bordaeux","London"
"156","Spain","Bordaeux","Geneva"
"157","Spain","Bordaeux","Seattle"
"158","Spain","Bordaeux","SanFrancisco"
"159","Spain","Bordaeux","Sofia"
"160","Spain","Bordaeux","Moscow"
"161","Spain","Minnesota","Chicago"
"162","Spain","Minnesota","NewYork"
"163","Spain","Minnesota","Milan"
"164","Spain","Minnesota","Paris"
"165","Spain","Minnesota","London"
"166","Spain","Minnesota","Geneva"
"167","Spain","Minnesota","Seattle"
"168","Spain","Minnesota","SanFrancisco"
"169","Spain","Minnesota","Sofia"
"170","Spain","Minnesota","Moscow"
"171","Spain","Illinois","Chicago"
"172","Spain","Illinois","NewYork"
"173","Spain","Illinois","Milan"
"174","Spain","Illinois","Paris"
"175","Spain","Illinois","London"
"176","Spain","Illinois","Geneva"
"177","Spain","Illinois","Seattle"
"178","Spain","Illinois","SanFrancisco"
"179","Spain","Illinois","Sofia"
"180","Spain","Illinois","Moscow"
"181","Spain","Ohio","Chicago"
"182","Spain","Ohio","NewYork"
"183","Spain","Ohio","Milan"
"184","Spain","Ohio","Paris"
"185","Spain","Ohio","London"
"186","Spain","Ohio","Geneva"
"187","Spain","Ohio","Seattle"
"188","Spain","Ohio","SanFrancisco"
"189","Spain","Ohio","Sofia"
"190","Spain","Ohio","Moscow"
"191","Spain","Washington","Chicago"
"192","Spain","Washington","NewYork"
"193","Spain","Washington","Milan"
"194","Spain","Washington","Paris"
"195","Spain","Washington","London"
"196","Spain","Washington","Geneva"
"197","Spain","Washington","Seattle"
"198","Spain","Washington","SanFrancisco"
"199","Spain","Washington","Sofia"
"200","Spain","Washington","Moscow"
"201","UnitedKingdom","NewYork","Chicago"
"202","UnitedKingdom","NewYork","NewYork"
"203","UnitedKingdom","NewYork","Milan"
"204","UnitedKingdom","NewYork","Paris"
"205","UnitedKingdom","NewYork","London"
"206","UnitedKingdom","NewYork","Geneva"
"207","UnitedKingdom","NewYork","Seattle"
"208","UnitedKingdom","NewYork","SanFrancisco"
"209","UnitedKingdom","NewYork","Sofia"
"210","UnitedKingdom","NewYork","Moscow"
"211","UnitedKingdom","NewJersey","Chicago"
"212","UnitedKingdom","NewJersey","NewYork"
"213","UnitedKingdom","NewJersey","Milan"
"214","UnitedKingdom","NewJersey","Paris"
"215","UnitedKingdom","NewJersey","London"
"216","UnitedKingdom","NewJersey","Geneva"
"217","UnitedKingdom","NewJersey","Seattle"
"218","UnitedKingdom","NewJersey","SanFrancisco"
"219","UnitedKingdom","NewJersey","Sofia"
"220","UnitedKingdom","NewJersey","Moscow"
"221","UnitedKingdom","YorkShire","Chicago"
"222","UnitedKingdom","YorkShire","NewYork"
"223","UnitedKingdom","YorkShire","Milan"
"224","UnitedKingdom","YorkShire","Paris"
"225","UnitedKingdom","YorkShire","London"
"226","UnitedKingdom","YorkShire","Geneva"
"227","UnitedKingdom","YorkShire","Seattle"
"228","UnitedKingdom","YorkShire","SanFrancisco"
"229","UnitedKingdom","YorkShire","Sofia"
"230","UnitedKingdom","YorkShire","Moscow"
"231","UnitedKingdom","Chanteau","Chicago"
"232","UnitedKingdom","Chanteau","NewYork"
"233","UnitedKingdom","Chanteau","Milan"
"234","UnitedKingdom","Chanteau","Paris"
"235","UnitedKingdom","Chanteau","London"
"236","UnitedKingdom","Chanteau","Geneva"
"237","UnitedKingdom","Chanteau","Seattle"
"238","UnitedKingdom","Chanteau","SanFrancisco"
"239","UnitedKingdom","Chanteau","Sofia"
"240","UnitedKingdom","Chanteau","Moscow"
"241","UnitedKingdom","Champaigne","Chicago"
"242","UnitedKingdom","Champaigne","NewYork"
"243","UnitedKingdom","Champaigne","Milan"
"244","UnitedKingdom","Champaigne","Paris"
"245","UnitedKingdom","Champaigne","London"
"246","UnitedKingdom","Champaigne","Geneva"
"247","UnitedKingdom","Champaigne","Seattle"
"248","UnitedKingdom","Champaigne","SanFrancisco"
"249","UnitedKingdom","Champaigne","Sofia"
"250","UnitedKingdom","Champaigne","Moscow"
"251","UnitedKingdom","Bordaeux","Chicago"
"252","UnitedKingdom","Bordaeux","NewYork"
"253","UnitedKingdom","Bordaeux","Milan"
"254","UnitedKingdom","Bordaeux","Paris"
"255","UnitedKingdom","Bordaeux","London"
"256","UnitedKingdom","Bordaeux","Geneva"
"257","UnitedKingdom","Bordaeux","Seattle"
"258","UnitedKingdom","Bordaeux","SanFrancisco"
"259","UnitedKingdom","Bordaeux","Sofia"
"260","UnitedKingdom","Bordaeux","Moscow"
"261","UnitedKingdom","Minnesota","Chicago"
"262","UnitedKingdom","Minnesota","NewYork"
"263","UnitedKingdom","Minnesota","Milan"
"264","UnitedKingdom","Minnesota","Paris"
"265","UnitedKingdom","Minnesota","London"
"266","UnitedKingdom","Minnesota","Geneva"
"267","UnitedKingdom","Minnesota","Seattle"
"268","UnitedKingdom","Minnesota","SanFrancisco"
"269","UnitedKingdom","Minnesota","Sofia"
"270","UnitedKingdom","Minnesota","Moscow"
"271","UnitedKingdom","Illinois","Chicago"
"272","UnitedKingdom","Illinois","NewYork"
"273","UnitedKingdom","Illinois","Milan"
"274","UnitedKingdom","Illinois","Paris"
"275","UnitedKingdom","Illinois","London"
"276","UnitedKingdom","Illinois","Geneva"
"277","UnitedKingdom","Illinois","Seattle"
"278","UnitedKingdom","Illinois","SanFrancisco"
"279","UnitedKingdom","Illinois","Sofia"
"280","UnitedKingdom","Illinois","Moscow"
"281","UnitedKingdom","Ohio","Chicago"
"282","UnitedKingdom","Ohio","NewYork"
"283","UnitedKingdom","Ohio","Milan"
"284","UnitedKingdom","Ohio","Paris"
"285","UnitedKingdom","Ohio","London"
"286","UnitedKingdom","Ohio","Geneva"
"287","UnitedKingdom","Ohio","Seattle"
"288","UnitedKingdom","Ohio","SanFrancisco"
"289","UnitedKingdom","Ohio","Sofia"
"290","UnitedKingdom","Ohio","Moscow"
"291","UnitedKingdom","Washington","Chicago"
"292","UnitedKingdom","Washington","NewYork"
"293","UnitedKingdom","Washington","Milan"
"294","UnitedKingdom","Washington","Paris"
"295","UnitedKingdom","Washington","London"
"296","UnitedKingdom","Washington","Geneva"
"297","UnitedKingdom","Washington","Seattle"
"298","UnitedKingdom","Washington","SanFrancisco"
"299","UnitedKingdom","Washington","Sofia"
"300","UnitedKingdom","Washington","Moscow"
"301","Germany","NewYork","Chicago"
"302","Germany","NewYork","NewYork"
"303","Germany","NewYork","Milan"
"304","Germany","NewYork","Paris"
"305","Germany","NewYork","London"
"306","Germany","NewYork","Geneva"
"307","Germany","NewYork","Seattle"
"308","Germany","NewYork","SanFrancisco"
"309","Germany","NewYork","Sofia"
"310","Germany","NewYork","Moscow"
"311","Germany","NewJersey","Chicago"
"312","Germany","NewJersey","NewYork"
"313","Germany","NewJersey","Milan"
"314","Germany","NewJersey","Paris"
"315","Germany","NewJersey","London"
"316","Germany","NewJersey","Geneva"
"317","Germany","NewJersey","Seattle"
"318","Germany","NewJersey","SanFrancisco"
"319","Germany","NewJersey","Sofia"
"320","Germany","NewJersey","Moscow"
"321","Germany","YorkShire","Chicago"
"322","Germany","YorkShire","NewYork"
"323","Germany","YorkShire","Milan"
"324","Germany","YorkShire","Paris"
"325","Germany","YorkShire","London"
"326","Germany","YorkShire","Geneva"
"327","Germany","YorkShire","Seattle"
"328","Germany","YorkShire","SanFrancisco"
"329","Germany","YorkShire","Sofia"
"330","Germany","YorkShire","Moscow"
"331","Germany","Chanteau","Chicago"
"332","Germany","Chanteau","NewYork"
"333","Germany","Chanteau","Milan"
"334","Germany","Chanteau","Paris"
"335","Germany","Chanteau","London"
"336","Germany","Chanteau","Geneva"
"337","Germany","Chanteau","Seattle"
"338","Germany","Chanteau","SanFrancisco"
"339","Germany","Chanteau","Sofia"
"340","Germany","Chanteau","Moscow"
"341","Germany","Champaigne","Chicago"
"342","Germany","Champaigne","NewYork"
"343","Germany","Champaigne","Milan"
"344","Germany","Champaigne","Paris"
"345","Germany","Champaigne","London"
"346","Germany","Champaigne","Geneva"
"347","Germany","Champaigne","Seattle"
"348","Germany","Champaigne","SanFrancisco"
"349","Germany","Champaigne","Sofia"
"350","Germany","Champaigne","Moscow"
"351","Germany","Bordaeux","Chicago"
"352","Germany","Bordaeux","NewYork"
"353","Germany","Bordaeux","Milan"
"354","Germany","Bordaeux","Paris"
"355","Germany","Bordaeux","London"
"356","Germany","Bordaeux","Geneva"
"357","Germany","Bordaeux","Seattle"
"358","Germany","Bordaeux","SanFrancisco"
"359","Germany","Bordaeux","Sofia"
"360","Germany","Bordaeux","Moscow"
"361","Germany","Minnesota","Chicago"
"362","Germany","Minnesota","NewYork"
"363","Germany","Minnesota","Milan"
"364","Germany","Minnesota","Paris"
"365","Germany","Minnesota","London"
"366","Germany","Minnesota","Geneva"
"367","Germany","Minnesota","Seattle"
"368","Germany","Minnesota","SanFrancisco"
"369","Germany","Minnesota","Sofia"
"370","Germany","Minnesota","Moscow"
"371","Germany","Illinois","Chicago"
"372","Germany","Illinois","NewYork"
"373","Germany","Illinois","Milan"
"374","Germany","Illinois","Paris"
"375","Germany","Illinois","London"
"376","Germany","Illinois","Geneva"
"377","Germany","Illinois","Seattle"
"378","Germany","Illinois","SanFrancisco"
"379","Germany","Illinois","Sofia"
"380","Germany","Illinois","Moscow"
"381","Germany","Ohio","Chicago"
"382","Germany","Ohio","NewYork"
"383","Germany","Ohio","Milan"
"384","Germany","Ohio","Paris"
"385","Germany","Ohio","London"
"386","Germany","Ohio","Geneva"
"387","Germany","Ohio","Seattle"
"388","Germany","Ohio","SanFrancisco"
"389","Germany","Ohio","Sofia"
"390","Germany","Ohio","Moscow"
"391","Germany","Washington","Chicago"
"392","Germany","Washington","NewYork"
"393","Germany","Washington","Milan"
"394","Germany","Washington","Paris"
"395","Germany","Washington","London"
"396","Germany","Washington","Geneva"
"397","Germany","Washington","Seattle"
"398","Germany","Washington","SanFrancisco"
"399","Germany","Washington","Sofia"
"400","Germany","Washington","Moscow"
"401","France","NewYork","Chicago"
"402","France","NewYork","NewYork"
"403","France","NewYork","Milan"
"404","France","NewYork","Paris"
"405","France","NewYork","London"
"406","France","NewYork","Geneva"
"407","France","NewYork","Seattle"
"408","France","NewYork","SanFrancisco"
"409","France","NewYork","Sofia"
"410","France","NewYork","Moscow"
"411","France","NewJersey","Chicago"
"412","France","NewJersey","NewYork"
"413","France","NewJersey","Milan"
"414","France","NewJersey","Paris"
"415","France","NewJersey","London"
"416","France","NewJersey","Geneva"
"417","France","NewJersey","Seattle"
"418","France","NewJersey","SanFrancisco"
"419","France","NewJersey","Sofia"
"420","France","NewJersey","Moscow"
"421","France","YorkShire","Chicago"
"422","France","YorkShire","NewYork"
"423","France","YorkShire","Milan"
"424","France","YorkShire","Paris"
"425","France","YorkShire","London"
"426","France","YorkShire","Geneva"
"427","France","YorkShire","Seattle"
"428","France","YorkShire","SanFrancisco"
"429","France","YorkShire","Sofia"
"430","France","YorkShire","Moscow"
"431","France","Chanteau","Chicago"
"432","France","Chanteau","NewYork"
"433","France","Chanteau","Milan"
"434","France","Chanteau","Paris"
"435","France","Chanteau","London"
"436","France","Chanteau","Geneva"
"437","France","Chanteau","Seattle"
"438","France","Chanteau","SanFrancisco"
"439","France","Chanteau","Sofia"
"440","France","Chanteau","Moscow"
"441","France","Champaigne","Chicago"
"442","France","Champaigne","NewYork"
"443","France","Champaigne","Milan"
"444","France","Champaigne","Paris"
"445","France","Champaigne","London"
"446","France","Champaigne","Geneva"
"447","France","Champaigne","Seattle"
"448","France","Champaigne","SanFrancisco"
"449","France","Champaigne","Sofia"
"450","France","Champaigne","Moscow"
"451","France","Bordaeux","Chicago"
"452","France","Bordaeux","NewYork"
"453","France","Bordaeux","Milan"
"454","France","Bordaeux","Paris"
"455","France","Bordaeux","London"
"456","France","Bordaeux","Geneva"
"457","France","Bordaeux","Seattle"
"458","France","Bordaeux","SanFrancisco"
"459","France","Bordaeux","Sofia"
"460","France","Bordaeux","Moscow"
"461","France","Minnesota","Chicago"
"462","France","Minnesota","NewYork"
"463","France","Minnesota","Milan"
"464","France","Minnesota","Paris"
"465","France","Minnesota","London"
"466","France","Minnesota","Geneva"
"467","France","Minnesota","Seattle"
"468","France","Minnesota","SanFrancisco"
"469","France","Minnesota","Sofia"
"470","France","Minnesota","Moscow"
"471","France","Illinois","Chicago"
"472","France","Illinois","NewYork"
"473","France","Illinois","Milan"
"474","France","Illinois","Paris"
"475","France","Illinois","London"
"476","France","Illinois","Geneva"
"477","France","Illinois","Seattle"
"478","France","Illinois","SanFrancisco"
"479","France","Illinois","Sofia"
"480","France","Illinois","Moscow"
"481","France","Ohio","Chicago"
"482","France","Ohio","NewYork"
"483","France","Ohio","Milan"
"484","France","Ohio","Paris"
"485","France","Ohio","London"
"486","France","Ohio","Geneva"
"487","France","Ohio","Seattle"
"488","France","Ohio","SanFrancisco"
"489","France","Ohio","Sofia"
"490","France","Ohio","Moscow"
"491","France","Washington","Chicago"
"492","France","Washington","NewYork"
"493","France","Washington","Milan"
"494","France","Washington","Paris"
"495","France","Washington","London"
"496","France","Washington","Geneva"
"497","France","Washington","Seattle"
"498","France","Washington","SanFrancisco"
"499","France","Washington","Sofia"
"500","France","Washington","Moscow"
"501","Canada","NewYork","Chicago"
"502","Canada","NewYork","NewYork"
"503","Canada","NewYork","Milan"
"504","Canada","NewYork","Paris"
"505","Canada","NewYork","London"
"506","Canada","NewYork","Geneva"
"507","Canada","NewYork","Seattle"
"508","Canada","NewYork","SanFrancisco"
"509","Canada","NewYork","Sofia"
"510","Canada","NewYork","Moscow"
"511","Canada","NewJersey","Chicago"
"512","Canada","NewJersey","NewYork"
"513","Canada","NewJersey","Milan"
"514","Canada","NewJersey","Paris"
"515","Canada","NewJersey","London"
"516","Canada","NewJersey","Geneva"
"517","Canada","NewJersey","Seattle"
"518","Canada","NewJersey","SanFrancisco"
"519","Canada","NewJersey","Sofia"
"520","Canada","NewJersey","Moscow"
"521","Canada","YorkShire","Chicago"
"522","Canada","YorkShire","NewYork"
"523","Canada","YorkShire","Milan"
"524","Canada","YorkShire","Paris"
"525","Canada","YorkShire","London"
"526","Canada","YorkShire","Geneva"
"527","Canada","YorkShire","Seattle"
"528","Canada","YorkShire","SanFrancisco"
"529","Canada","YorkShire","Sofia"
"530","Canada","YorkShire","Moscow"
"531","Canada","Chanteau","Chicago"
"532","Canada","Chanteau","NewYork"
"533","Canada","Chanteau","Milan"
"534","Canada","Chanteau","Paris"
"535","Canada","Chanteau","London"
"536","Canada","Chanteau","Geneva"
"537","Canada","Chanteau","Seattle"
"538","Canada","Chanteau","SanFrancisco"
"539","Canada","Chanteau","Sofia"
"540","Canada","Chanteau","Moscow"
"541","Canada","Champaigne","Chicago"
"542","Canada","Champaigne","NewYork"
"543","Canada","Champaigne","Milan"
"544","Canada","Champaigne","Paris"
"545","Canada","Champaigne","London"
"546","Canada","Champaigne","Geneva"
"547","Canada","Champaigne","Seattle"
"548","Canada","Champaigne","SanFrancisco"
"549","Canada","Champaigne","Sofia"
"550","Canada","Champaigne","Moscow"
"551","Canada","Bordaeux","Chicago"
"552","Canada","Bordaeux","NewYork"
"553","Canada","Bordaeux","Milan"
"554","Canada","Bordaeux","Paris"
"555","Canada","Bordaeux","London"
"556","Canada","Bordaeux","Geneva"
"557","Canada","Bordaeux","Seattle"
"558","Canada","Bordaeux","SanFrancisco"
"559","Canada","Bordaeux","Sofia"
"560","Canada","Bordaeux","Moscow"
"561","Canada","Minnesota","Chicago"
"562","Canada","Minnesota","NewYork"
"563","Canada","Minnesota","Milan"
"564","Canada","Minnesota","Paris"
"565","Canada","Minnesota","London"
"566","Canada","Minnesota","Geneva"
"567","Canada","Minnesota","Seattle"
"568","Canada","Minnesota","SanFrancisco"
"569","Canada","Minnesota","Sofia"
"570","Canada","Minnesota","Moscow"
"571","Canada","Illinois","Chicago"
"572","Canada","Illinois","NewYork"
"573","Canada","Illinois","Milan"
"574","Canada","Illinois","Paris"
"575","Canada","Illinois","London"
"576","Canada","Illinois","Geneva"
"577","Canada","Illinois","Seattle"
"578","Canada","Illinois","SanFrancisco"
"579","Canada","Illinois","Sofia"
"580","Canada","Illinois","Moscow"
"581","Canada","Ohio","Chicago"
"582","Canada","Ohio","NewYork"
"583","Canada","Ohio","Milan"
"584","Canada","Ohio","Paris"
"585","Canada","Ohio","London"
"586","Canada","Ohio","Geneva"
"587","Canada","Ohio","Seattle"
"588","Canada","Ohio","SanFrancisco"
"589","Canada","Ohio","Sofia"
"590","Canada","Ohio","Moscow"
"591","Canada","Washington","Chicago"
"592","Canada","Washington","NewYork"
"593","Canada","Washington","Milan"
"594","Canada","Washington","Paris"
"595","Canada","Washington","London"
"596","Canada","Washington","Geneva"
"597","Canada","Washington","Seattle"
"598","Canada","Washington","SanFrancisco"
"599","Canada","Washington","Sofia"
"600","Canada","Washington","Moscow"
"601","Russia","NewYork","Chicago"
"602","Russia","NewYork","NewYork"
"603","Russia","NewYork","Milan"
"604","Russia","NewYork","Paris"
"605","Russia","NewYork","London"
"606","Russia","NewYork","Geneva"
"607","Russia","NewYork","Seattle"
"608","Russia","NewYork","SanFrancisco"
"609","Russia","NewYork","Sofia"
"610","Russia","NewYork","Moscow"
"611","Russia","NewJersey","Chicago"
"612","Russia","NewJersey","NewYork"
"613","Russia","NewJersey","Milan"
"614","Russia","NewJersey","Paris"
"615","Russia","NewJersey","London"
"616","Russia","NewJersey","Geneva"
"617","Russia","NewJersey","Seattle"
"618","Russia","NewJersey","SanFrancisco"
"619","Russia","NewJersey","Sofia"
"620","Russia","NewJersey","Moscow"
"621","Russia","YorkShire","Chicago"
"622","Russia","YorkShire","NewYork"
"623","Russia","YorkShire","Milan"
"624","Russia","YorkShire","Paris"
"625","Russia","YorkShire","London"
"626","Russia","YorkShire","Geneva"
"627","Russia","YorkShire","Seattle"
"628","Russia","YorkShire","SanFrancisco"
"629","Russia","YorkShire","Sofia"
"630","Russia","YorkShire","Moscow"
"631","Russia","Chanteau","Chicago"
"632","Russia","Chanteau","NewYork"
"633","Russia","Chanteau","Milan"
"634","Russia","Chanteau","Paris"
"635","Russia","Chanteau","London"
"636","Russia","Chanteau","Geneva"
"637","Russia","Chanteau","Seattle"
"638","Russia","Chanteau","SanFrancisco"
"639","Russia","Chanteau","Sofia"
"640","Russia","Chanteau","Moscow"
"641","Russia","Champaigne","Chicago"
"642","Russia","Champaigne","NewYork"
"643","Russia","Champaigne","Milan"
"644","Russia","Champaigne","Paris"
"645","Russia","Champaigne","London"
"646","Russia","Champaigne","Geneva"
"647","Russia","Champaigne","Seattle"
"648","Russia","Champaigne","SanFrancisco"
"649","Russia","Champaigne","Sofia"
"650","Russia","Champaigne","Moscow"
"651","Russia","Bordaeux","Chicago"
"652","Russia","Bordaeux","NewYork"
"653","Russia","Bordaeux","Milan"
"654","Russia","Bordaeux","Paris"
"655","Russia","Bordaeux","London"
"656","Russia","Bordaeux","Geneva"
"657","Russia","Bordaeux","Seattle"
"658","Russia","Bordaeux","SanFrancisco"
"659","Russia","Bordaeux","Sofia"
"660","Russia","Bordaeux","Moscow"
"661","Russia","Minnesota","Chicago"
"662","Russia","Minnesota","NewYork"
"663","Russia","Minnesota","Milan"
"664","Russia","Minnesota","Paris"
"665","Russia","Minnesota","London"
"666","Russia","Minnesota","Geneva"
"667","Russia","Minnesota","Seattle"
"668","Russia","Minnesota","SanFrancisco"
"669","Russia","Minnesota","Sofia"
"670","Russia","Minnesota","Moscow"
"671","Russia","Illinois","Chicago"
"672","Russia","Illinois","NewYork"
"673","Russia","Illinois","Milan"
"674","Russia","Illinois","Paris"
"675","Russia","Illinois","London"
"676","Russia","Illinois","Geneva"
"677","Russia","Illinois","Seattle"
"678","Russia","Illinois","SanFrancisco"
"679","Russia","Illinois","Sofia"
"680","Russia","Illinois","Moscow"
"681","Russia","Ohio","Chicago"
"682","Russia","Ohio","NewYork"
"683","Russia","Ohio","Milan"
"684","Russia","Ohio","Paris"
"685","Russia","Ohio","London"
"686","Russia","Ohio","Geneva"
"687","Russia","Ohio","Seattle"
"688","Russia","Ohio","SanFrancisco"
"689","Russia","Ohio","Sofia"
"690","Russia","Ohio","Moscow"
"691","Russia","Washington","Chicago"
"692","Russia","Washington","NewYork"
"693","Russia","Washington","Milan"
"694","Russia","Washington","Paris"
"695","Russia","Washington","London"
"696","Russia","Washington","Geneva"
"697","Russia","Washington","Seattle"
"698","Russia","Washington","SanFrancisco"
"699","Russia","Washington","Sofia"
"700","Russia","Washington","Moscow"
"701","Ukraine","NewYork","Chicago"
"702","Ukraine","NewYork","NewYork"
"703","Ukraine","NewYork","Milan"
"704","Ukraine","NewYork","Paris"
"705","Ukraine","NewYork","London"
"706","Ukraine","NewYork","Geneva"
"707","Ukraine","NewYork","Seattle"
"708","Ukraine","NewYork","SanFrancisco"
"709","Ukraine","NewYork","Sofia"
"710","Ukraine","NewYork","Moscow"
"711","Ukraine","NewJersey","Chicago"
"712","Ukraine","NewJersey","NewYork"
"713","Ukraine","NewJersey","Milan"
"714","Ukraine","NewJersey","Paris"
"715","Ukraine","NewJersey","London"
"716","Ukraine","NewJersey","Geneva"
"717","Ukraine","NewJersey","Seattle"
"718","Ukraine","NewJersey","SanFrancisco"
"719","Ukraine","NewJersey","Sofia"
"720","Ukraine","NewJersey","Moscow"
"721","Ukraine","YorkShire","Chicago"
"722","Ukraine","YorkShire","NewYork"
"723","Ukraine","YorkShire","Milan"
"724","Ukraine","YorkShire","Paris"
"725","Ukraine","YorkShire","London"
"726","Ukraine","YorkShire","Geneva"
"727","Ukraine","YorkShire","Seattle"
"728","Ukraine","YorkShire","SanFrancisco"
"729","Ukraine","YorkShire","Sofia"
"730","Ukraine","YorkShire","Moscow"
"731","Ukraine","Chanteau","Chicago"
"732","Ukraine","Chanteau","NewYork"
"733","Ukraine","Chanteau","Milan"
"734","Ukraine","Chanteau","Paris"
"735","Ukraine","Chanteau","London"
"736","Ukraine","Chanteau","Geneva"
"737","Ukraine","Chanteau","Seattle"
"738","Ukraine","Chanteau","SanFrancisco"
"739","Ukraine","Chanteau","Sofia"
"740","Ukraine","Chanteau","Moscow"
"741","Ukraine","Champaigne","Chicago"
"742","Ukraine","Champaigne","NewYork"
"743","Ukraine","Champaigne","Milan"
"744","Ukraine","Champaigne","Paris"
"745","Ukraine","Champaigne","London"
"746","Ukraine","Champaigne","Geneva"
"747","Ukraine","Champaigne","Seattle"
"748","Ukraine","Champaigne","SanFrancisco"
"749","Ukraine","Champaigne","Sofia"
"750","Ukraine","Champaigne","Moscow"
"751","Ukraine","Bordaeux","Chicago"
"752","Ukraine","Bordaeux","NewYork"
"753","Ukraine","Bordaeux","Milan"
"754","Ukraine","Bordaeux","Paris"
"755","Ukraine","Bordaeux","London"
"756","Ukraine","Bordaeux","Geneva"
"757","Ukraine","Bordaeux","Seattle"
"758","Ukraine","Bordaeux","SanFrancisco"
"759","Ukraine","Bordaeux","Sofia"
"760","Ukraine","Bordaeux","Moscow"
"761","Ukraine","Minnesota","Chicago"
"762","Ukraine","Minnesota","NewYork"
"763","Ukraine","Minnesota","Milan"
"764","Ukraine","Minnesota","Paris"
"765","Ukraine","Minnesota","London"
"766","Ukraine","Minnesota","Geneva"
"767","Ukraine","Minnesota","Seattle"
"768","Ukraine","Minnesota","SanFrancisco"
"769","Ukraine","Minnesota","Sofia"
"770","Ukraine","Minnesota","Moscow"
"771","Ukraine","Illinois","Chicago"
"772","Ukraine","Illinois","NewYork"
"773","Ukraine","Illinois","Milan"
"774","Ukraine","Illinois","Paris"
"775","Ukraine","Illinois","London"
"776","Ukraine","Illinois","Geneva"
"777","Ukraine","Illinois","Seattle"
"778","Ukraine","Illinois","SanFrancisco"
"779","Ukraine","Illinois","Sofia"
"780","Ukraine","Illinois","Moscow"
"781","Ukraine","Ohio","Chicago"
"782","Ukraine","Ohio","NewYork"
"783","Ukraine","Ohio","Milan"
"784","Ukraine","Ohio","Paris"
"785","Ukraine","Ohio","London"
"786","Ukraine","Ohio","Geneva"
"787","Ukraine","Ohio","Seattle"
"788","Ukraine","Ohio","SanFrancisco"
"789","Ukraine","Ohio","Sofia"
"790","Ukraine","Ohio","Moscow"
"791","Ukraine","Washington","Chicago"
"792","Ukraine","Washington","NewYork"
"793","Ukraine","Washington","Milan"
"794","Ukraine","Washington","Paris"
"795","Ukraine","Washington","London"
"796","Ukraine","Washington","Geneva"
"797","Ukraine","Washington","Seattle"
"798","Ukraine","Washington","SanFrancisco"
"799","Ukraine","Washington","Sofia"
"800","Ukraine","Washington","Moscow"
"801","Albania","NewYork","Chicago"
"802","Albania","NewYork","NewYork"
"803","Albania","NewYork","Milan"
"804","Albania","NewYork","Paris"
"805","Albania","NewYork","London"
"806","Albania","NewYork","Geneva"
"807","Albania","NewYork","Seattle"
"808","Albania","NewYork","SanFrancisco"
"809","Albania","NewYork","Sofia"
"810","Albania","NewYork","Moscow"
"811","Albania","NewJersey","Chicago"
"812","Albania","NewJersey","NewYork"
"813","Albania","NewJersey","Milan"
"814","Albania","NewJersey","Paris"
"815","Albania","NewJersey","London"
"816","Albania","NewJersey","Geneva"
"817","Albania","NewJersey","Seattle"
"818","Albania","NewJersey","SanFrancisco"
"819","Albania","NewJersey","Sofia"
"820","Albania","NewJersey","Moscow"
"821","Albania","YorkShire","Chicago"
"822","Albania","YorkShire","NewYork"
"823","Albania","YorkShire","Milan"
"824","Albania","YorkShire","Paris"
"825","Albania","YorkShire","London"
"826","Albania","YorkShire","Geneva"
"827","Albania","YorkShire","Seattle"
"828","Albania","YorkShire","SanFrancisco"
"829","Albania","YorkShire","Sofia"
"830","Albania","YorkShire","Moscow"
"831","Albania","Chanteau","Chicago"
"832","Albania","Chanteau","NewYork"
"833","Albania","Chanteau","Milan"
"834","Albania","Chanteau","Paris"
"835","Albania","Chanteau","London"
"836","Albania","Chanteau","Geneva"
"837","Albania","Chanteau","Seattle"
"838","Albania","Chanteau","SanFrancisco"
"839","Albania","Chanteau","Sofia"
"840","Albania","Chanteau","Moscow"
"841","Albania","Champaigne","Chicago"
"842","Albania","Champaigne","NewYork"
"843","Albania","Champaigne","Milan"
"844","Albania","Champaigne","Paris"
"845","Albania","Champaigne","London"
"846","Albania","Champaigne","Geneva"
"847","Albania","Champaigne","Seattle"
"848","Albania","Champaigne","SanFrancisco"
"849","Albania","Champaigne","Sofia"
"850","Albania","Champaigne","Moscow"
"851","Albania","Bordaeux","Chicago"
"852","Albania","Bordaeux","NewYork"
"853","Albania","Bordaeux","Milan"
"854","Albania","Bordaeux","Paris"
"855","Albania","Bordaeux","London"
"856","Albania","Bordaeux","Geneva"
"857","Albania","Bordaeux","Seattle"
"858","Albania","Bordaeux","SanFrancisco"
"859","Albania","Bordaeux","Sofia"
"860","Albania","Bordaeux","Moscow"
"861","Albania","Minnesota","Chicago"
"862","Albania","Minnesota","NewYork"
"863","Albania","Minnesota","Milan"
"864","Albania","Minnesota","Paris"
"865","Albania","Minnesota","London"
"866","Albania","Minnesota","Geneva"
"867","Albania","Minnesota","Seattle"
"868","Albania","Minnesota","SanFrancisco"
"869","Albania","Minnesota","Sofia"
"870","Albania","Minnesota","Moscow"
"871","Albania","Illinois","Chicago"
"872","Albania","Illinois","NewYork"
"873","Albania","Illinois","Milan"
"874","Albania","Illinois","Paris"
"875","Albania","Illinois","London"
"876","Albania","Illinois","Geneva"
"877","Albania","Illinois","Seattle"
"878","Albania","Illinois","SanFrancisco"
"879","Albania","Illinois","Sofia"
"880","Albania","Illinois","Moscow"
"881","Albania","Ohio","Chicago"
"882","Albania","Ohio","NewYork"
"883","Albania","Ohio","Milan"
"884","Albania","Ohio","Paris"
"885","Albania","Ohio","London"
"886","Albania","Ohio","Geneva"
"887","Albania","Ohio","Seattle"
"888","Albania","Ohio","SanFrancisco"
"889","Albania","Ohio","Sofia"
"890","Albania","Ohio","Moscow"
"891","Albania","Washington","Chicago"
"892","Albania","Washington","NewYork"
"893","Albania","Washington","Milan"
"894","Albania","Washington","Paris"
"895","Albania","Washington","London"
"896","Albania","Washington","Geneva"
"897","Albania","Washington","Seattle"
"898","Albania","Washington","SanFrancisco"
"899","Albania","Washington","Sofia"
"900","Albania","Washington","Moscow"
"901","Italy","NewYork","Chicago"
"902","Italy","NewYork","NewYork"
"903","Italy","NewYork","Milan"
"904","Italy","NewYork","Paris"
"905","Italy","NewYork","London"
"906","Italy","NewYork","Geneva"
"907","Italy","NewYork","Seattle"
"908","Italy","NewYork","SanFrancisco"
"909","Italy","NewYork","Sofia"
"910","Italy","NewYork","Moscow"
"911","Italy","NewJersey","Chicago"
"912","Italy","NewJersey","NewYork"
"913","Italy","NewJersey","Milan"
"914","Italy","NewJersey","Paris"
"915","Italy","NewJersey","London"
"916","Italy","NewJersey","Geneva"
"917","Italy","NewJersey","Seattle"
"918","Italy","NewJersey","SanFrancisco"
"919","Italy","NewJersey","Sofia"
"920","Italy","NewJersey","Moscow"
"921","Italy","YorkShire","Chicago"
"922","Italy","YorkShire","NewYork"
"923","Italy","YorkShire","Milan"
"924","Italy","YorkShire","Paris"
"925","Italy","YorkShire","London"
"926","Italy","YorkShire","Geneva"
"927","Italy","YorkShire","Seattle"
"928","Italy","YorkShire","SanFrancisco"
"929","Italy","YorkShire","Sofia"
"930","Italy","YorkShire","Moscow"
"931","Italy","Chanteau","Chicago"
"932","Italy","Chanteau","NewYork"
"933","Italy","Chanteau","Milan"
"934","Italy","Chanteau","Paris"
"935","Italy","Chanteau","London"
"936","Italy","Chanteau","Geneva"
"937","Italy","Chanteau","Seattle"
"938","Italy","Chanteau","SanFrancisco"
"939","Italy","Chanteau","Sofia"
"940","Italy","Chanteau","Moscow"
"941","Italy","Champaigne","Chicago"
"942","Italy","Champaigne","NewYork"
"943","Italy","Champaigne","Milan"
"944","Italy","Champaigne","Paris"
"945","Italy","Champaigne","London"
"946","Italy","Champaigne","Geneva"
"947","Italy","Champaigne","Seattle"
"948","Italy","Champaigne","SanFrancisco"
"949","Italy","Champaigne","Sofia"
"950","Italy","Champaigne","Moscow"
"951","Italy","Bordaeux","Chicago"
"952","Italy","Bordaeux","NewYork"
"953","Italy","Bordaeux","Milan"
"954","Italy","Bordaeux","Paris"
"955","Italy","Bordaeux","London"
"956","Italy","Bordaeux","Geneva"
"957","Italy","Bordaeux","Seattle"
"958","Italy","Bordaeux","SanFrancisco"
"959","Italy","Bordaeux","Sofia"
"960","Italy","Bordaeux","Moscow"
"961","Italy","Minnesota","Chicago"
"962","Italy","Minnesota","NewYork"
"963","Italy","Minnesota","Milan"
"964","Italy","Minnesota","Paris"
"965","Italy","Minnesota","London"
"966","Italy","Minnesota","Geneva"
"967","Italy","Minnesota","Seattle"
"968","Italy","Minnesota","SanFrancisco"
"969","Italy","Minnesota","Sofia"
"970","Italy","Minnesota","Moscow"
"971","Italy","Illinois","Chicago"
"972","Italy","Illinois","NewYork"
"973","Italy","Illinois","Milan"
"974","Italy","Illinois","Paris"
"975","Italy","Illinois","London"
"976","Italy","Illinois","Geneva"
"977","Italy","Illinois","Seattle"
"978","Italy","Illinois","SanFrancisco"
"979","Italy","Illinois","Sofia"
"980","Italy","Illinois","Moscow"
"981","Italy","Ohio","Chicago"
"982","Italy","Ohio","NewYork"
"983","Italy","Ohio","Milan"
"984","Italy","Ohio","Paris"
"985","Italy","Ohio","London"
"986","Italy","Ohio","Geneva"
"987","Italy","Ohio","Seattle"
"988","Italy","Ohio","SanFrancisco"
"989","Italy","Ohio","Sofia"
"990","Italy","Ohio","Moscow"
"991","Italy","Washington","Chicago"
"992","Italy","Washington","NewYork"
"993","Italy","Washington","Milan"
"994","Italy","Washington","Paris"
"995","Italy","Washington","London"
"996","Italy","Washington","Geneva"
"997","Italy","Washington","Seattle"
"998","Italy","Washington","SanFrancisco"
"999","Italy","Washington","Sofia"
"1000","Italy","Washington","Moscow"
